"school","sex","age","address","famsize","Pstatus","Medu","Fedu","Mjob","Fjob","reason","guardian","traveltime","studytime","failures","schoolsup","famsup","paid","activities","nursery","higher","internet","romantic","famrel","freetime","goout","Dalc","Walc","health","absences","G1","G2","G3","Predicted_G3"
"GP","F",18,"U","GT3","A",4,4,"at_home","teacher","course","mother",2,2,0,"yes","no","no","no","yes","yes","no","no",4,3,4,1,1,3,6,5,6,6,4.78508867035561
"GP","F",17,"U","GT3","T",1,1,"at_home","other","course","father",1,2,0,"no","yes","no","no","no","yes","yes","no",5,3,3,1,1,3,4,5,5,6,3.9007492214078
"GP","F",15,"U","LE3","T",1,1,"at_home","other","other","mother",1,2,3,"yes","no","yes","no","yes","yes","yes","no",4,3,2,2,3,3,10,7,8,10,7.02120653450019
"GP","F",15,"U","GT3","T",4,2,"health","services","home","mother",1,3,0,"no","yes","yes","yes","yes","yes","yes","yes",3,2,2,1,1,5,2,15,14,15,14.285391122127
"GP","F",16,"U","GT3","T",3,3,"other","other","home","father",1,2,0,"no","yes","yes","no","yes","yes","no","no",4,3,2,1,2,5,4,6,10,10,9.03735232594055
"GP","M",16,"U","LE3","T",4,3,"services","other","reputation","mother",1,2,0,"no","yes","yes","yes","yes","yes","yes","no",5,4,2,1,2,5,10,15,15,15,15.5819552433261
"GP","M",16,"U","LE3","T",2,2,"other","other","home","mother",1,2,0,"no","no","no","no","yes","yes","yes","no",4,4,4,1,1,3,0,12,12,11,11.791189286836
"GP","F",17,"U","GT3","A",4,4,"other","teacher","home","mother",2,2,0,"yes","yes","no","no","yes","yes","no","no",4,1,4,1,1,1,6,6,5,6,4.14764506153979
"GP","M",15,"U","LE3","A",3,2,"services","other","home","mother",1,2,0,"no","yes","yes","no","yes","yes","yes","no",4,2,2,1,1,1,0,16,18,19,18.3862384115264
"GP","M",15,"U","GT3","T",3,4,"other","other","home","mother",1,2,0,"no","yes","yes","yes","yes","yes","yes","no",5,5,1,1,1,5,0,14,15,15,15.168478454008
"GP","F",15,"U","GT3","T",4,4,"teacher","health","reputation","mother",1,2,0,"no","yes","yes","no","yes","yes","yes","no",3,3,3,1,2,2,0,10,8,9,7.77061742007968
"GP","F",15,"U","GT3","T",2,1,"services","other","reputation","father",3,3,0,"no","yes","no","yes","yes","yes","yes","no",5,2,2,1,1,4,4,10,12,12,11.6153949219437
"GP","M",15,"U","LE3","T",4,4,"health","services","course","father",1,1,0,"no","yes","yes","yes","yes","yes","yes","no",4,3,3,1,3,5,2,14,14,14,14.4553069279479
"GP","M",15,"U","GT3","T",4,3,"teacher","other","course","mother",2,2,0,"no","yes","yes","no","yes","yes","yes","no",5,4,3,1,2,3,2,10,10,11,9.77682719757245
"GP","M",15,"U","GT3","A",2,2,"other","other","home","other",1,3,0,"no","yes","no","no","yes","yes","yes","yes",4,5,2,1,1,3,0,14,16,16,15.9631775197779
"GP","F",16,"U","GT3","T",4,4,"health","other","home","mother",1,1,0,"no","yes","no","no","yes","yes","yes","no",4,4,4,1,2,2,4,14,14,14,14.3773052580043
"GP","F",16,"U","GT3","T",4,4,"services","services","reputation","mother",1,3,0,"no","yes","yes","yes","yes","yes","yes","no",3,2,3,1,2,2,6,13,14,14,13.9581803910492
"GP","F",16,"U","GT3","T",3,3,"other","other","reputation","mother",3,2,0,"yes","yes","no","yes","yes","yes","no","no",5,3,2,1,1,4,4,8,10,10,9.36808892678469
"GP","M",17,"U","GT3","T",3,2,"services","services","course","mother",1,1,3,"no","yes","no","yes","yes","yes","yes","no",5,5,5,2,4,5,16,6,5,5,4.06198113034799
"GP","M",16,"U","LE3","T",4,3,"health","other","home","father",1,1,0,"no","no","yes","yes","yes","yes","yes","no",3,1,3,1,3,5,4,8,10,10,9.53573097990617
"GP","M",15,"U","GT3","T",4,3,"teacher","other","reputation","mother",1,2,0,"no","no","no","no","yes","yes","yes","no",4,4,1,1,1,1,0,13,14,15,14.0407690346945
"GP","M",15,"U","GT3","T",4,4,"health","health","other","father",1,1,0,"no","yes","yes","no","yes","yes","yes","no",5,4,2,1,1,5,0,12,15,15,15.0053839062853
"GP","M",16,"U","LE3","T",4,2,"teacher","other","course","mother",1,2,0,"no","no","no","yes","yes","yes","yes","no",4,5,1,1,3,5,2,15,15,16,15.2558450844864
"GP","M",16,"U","LE3","T",2,2,"other","other","reputation","mother",2,2,0,"no","yes","no","yes","yes","yes","yes","no",5,4,4,2,4,5,0,13,13,12,12.9188987061495
"GP","F",15,"R","GT3","T",2,4,"services","health","course","mother",1,3,0,"yes","yes","yes","yes","yes","yes","yes","no",4,3,2,1,1,5,2,10,9,8,8.64684402555954
"GP","F",16,"U","GT3","T",2,2,"services","services","home","mother",1,1,2,"no","yes","yes","no","no","yes","yes","no",1,2,2,1,3,5,14,6,9,8,8.20966183681161
"GP","M",15,"U","GT3","T",2,2,"other","other","home","mother",1,1,0,"no","yes","yes","no","yes","yes","yes","no",4,2,2,1,2,5,2,12,12,11,12.1998880893209
"GP","M",15,"U","GT3","T",4,2,"health","services","other","mother",1,1,0,"no","no","yes","no","yes","yes","yes","no",2,2,4,2,4,1,4,15,16,15,16.6268850058628
"GP","M",16,"U","LE3","A",3,4,"services","other","home","mother",1,2,0,"yes","yes","no","yes","yes","yes","yes","no",5,3,3,1,1,5,4,11,11,11,10.8265349469423
"GP","M",16,"U","GT3","T",4,4,"teacher","teacher","home","mother",1,2,0,"no","yes","yes","yes","yes","yes","yes","yes",4,4,5,5,5,5,16,10,12,11,12.1126730036712
"GP","M",15,"U","GT3","T",4,4,"health","services","home","mother",1,2,0,"no","yes","yes","no","no","yes","yes","no",5,4,2,3,4,5,0,9,11,12,10.4922724763319
"GP","M",15,"U","GT3","T",4,4,"services","services","reputation","mother",2,2,0,"no","yes","no","yes","yes","yes","yes","no",4,3,1,1,1,5,0,17,16,17,16.6269244741656
"GP","M",15,"R","GT3","T",4,3,"teacher","at_home","course","mother",1,2,0,"no","yes","no","yes","yes","yes","yes","yes",4,5,2,1,1,5,0,17,16,16,16.6269244741656
"GP","M",15,"U","LE3","T",3,3,"other","other","course","mother",1,2,0,"no","no","no","yes","no","yes","yes","no",5,3,2,1,1,2,0,8,10,12,9.3645630570184
"GP","M",16,"U","GT3","T",3,2,"other","other","home","mother",1,1,0,"no","yes","yes","no","no","yes","yes","no",5,4,3,1,1,5,0,12,14,15,13.8835135777403
"GP","F",15,"U","GT3","T",2,3,"other","other","other","father",2,1,0,"no","yes","no","yes","yes","yes","no","no",3,5,1,1,1,5,0,8,7,6,6.64518175346559
"GP","M",15,"U","LE3","T",4,3,"teacher","services","home","mother",1,3,0,"no","yes","no","yes","yes","yes","yes","no",5,4,3,1,1,4,2,15,16,18,16.2100733599099
"GP","M",16,"R","GT3","A",4,4,"other","teacher","reputation","mother",2,3,0,"no","yes","no","yes","yes","yes","yes","yes",2,4,3,1,1,5,7,15,16,15,16.2543629995311
"GP","F",15,"R","GT3","T",3,4,"services","health","course","mother",1,3,0,"yes","yes","yes","yes","yes","yes","yes","no",4,3,2,1,1,5,2,12,12,11,11.864603983078
"GP","F",15,"R","GT3","T",2,2,"at_home","other","reputation","mother",1,1,0,"yes","yes","yes","yes","yes","yes","no","no",4,3,1,1,1,2,8,14,13,13,13.7375484281862
"GP","F",16,"U","LE3","T",2,2,"other","other","home","mother",2,2,1,"no","yes","no","yes","no","yes","yes","yes",3,3,3,1,2,3,25,7,10,11,9.83844523236245
"GP","M",15,"U","LE3","T",4,4,"teacher","other","home","other",1,1,0,"no","yes","no","no","no","yes","yes","yes",5,4,3,2,4,5,8,12,12,12,12.4444707084507
"GP","M",15,"U","GT3","T",4,4,"services","teacher","course","father",1,2,0,"no","yes","no","yes","yes","yes","yes","no",4,3,3,1,1,5,2,19,18,18,18.9638708525025
"GP","M",15,"U","GT3","T",2,2,"services","services","course","father",1,1,0,"yes","yes","no","no","yes","yes","yes","no",5,4,1,1,1,1,0,8,8,11,7.60752287235701
"GP","F",16,"U","LE3","T",2,2,"other","at_home","course","father",2,2,1,"yes","no","no","yes","yes","yes","yes","no",4,3,3,2,2,5,14,10,10,9,9.88614866522412
"GP","F",15,"U","LE3","A",4,3,"other","other","course","mother",1,2,0,"yes","yes","yes","yes","yes","yes","yes","yes",5,2,2,1,1,5,8,8,8,6,7.7659909780752
"GP","F",16,"U","LE3","A",3,3,"other","services","home","mother",1,2,0,"no","yes","no","no","yes","yes","yes","no",2,3,5,1,4,3,12,11,12,11,12.1149862246734
"GP","M",16,"U","GT3","T",4,3,"health","services","reputation","mother",1,4,0,"no","no","no","yes","yes","yes","yes","no",4,2,2,1,1,2,4,19,19,20,19.5129261952074
"GP","M",15,"U","GT3","T",4,2,"teacher","other","home","mother",1,2,0,"no","yes","yes","no","yes","yes","no","no",4,3,3,2,2,5,2,15,15,14,15.4153742941399
"GP","F",15,"U","GT3","T",4,4,"services","teacher","other","father",1,2,1,"yes","yes","no","yes","no","yes","yes","no",4,4,4,1,1,3,2,7,7,7,6.17338437867767
"GP","F",16,"U","LE3","T",2,2,"services","services","course","mother",3,2,0,"no","yes","yes","no","yes","yes","yes","no",4,3,3,2,3,4,2,12,13,13,12.8350579454373
"GP","F",15,"U","LE3","T",4,2,"health","other","other","mother",1,2,0,"no","yes","yes","no","yes","yes","yes","no",4,3,3,1,1,5,2,11,13,13,12.8292188546688
"GP","M",15,"U","LE3","A",4,2,"health","health","other","father",2,1,1,"no","no","no","no","yes","yes","no","no",5,5,5,3,4,5,6,11,11,10,11.014919188473
"GP","F",15,"U","GT3","T",4,4,"services","services","course","mother",1,1,0,"yes","yes","yes","no","yes","yes","yes","no",3,3,4,2,3,5,0,8,10,11,9.53220511013987
"GP","F",15,"U","LE3","A",3,3,"other","other","other","mother",1,1,0,"no","no","yes","no","yes","yes","yes","no",5,3,4,4,4,1,6,10,13,13,12.994547686788
"GP","F",16,"U","GT3","A",2,1,"other","other","other","mother",1,2,0,"no","no","yes","yes","yes","yes","yes","yes",5,3,4,1,1,2,8,8,9,10,8.56880288731309
"GP","F",15,"U","GT3","A",4,3,"services","services","reputation","mother",1,2,0,"no","yes","yes","yes","yes","yes","yes","no",4,3,2,1,1,1,0,14,15,15,15.168478454008
"GP","M",15,"U","GT3","T",4,4,"teacher","health","reputation","mother",1,2,0,"no","yes","no","yes","yes","yes","no","no",3,2,2,1,1,5,4,14,15,15,15.3315335334278
"GP","M",15,"U","LE3","T",1,2,"other","at_home","home","father",1,2,0,"yes","yes","no","yes","yes","yes","yes","no",4,3,2,1,1,5,2,9,10,9,9.61145889715038
"GP","F",16,"U","GT3","T",4,2,"services","other","course","mother",1,2,0,"no","yes","no","no","yes","yes","yes","no",4,2,3,1,1,5,2,15,16,16,16.2181862033778
"GP","F",16,"R","GT3","T",4,4,"health","teacher","other","mother",1,2,0,"no","yes","no","yes","yes","yes","no","no",2,4,4,2,3,4,6,10,11,11,10.7426941862302
"GP","F",16,"U","GT3","T",1,1,"services","services","course","father",4,1,0,"yes","yes","no","yes","no","yes","yes","yes",5,5,5,5,5,5,6,10,8,11,8.02331288267736
"GP","F",16,"U","LE3","T",1,2,"other","services","reputation","father",1,2,0,"yes","no","no","yes","yes","yes","yes","no",4,4,3,1,1,1,4,8,10,9,9.36808892678469
"GP","F",16,"U","GT3","T",4,3,"teacher","health","home","mother",1,3,0,"yes","yes","yes","yes","yes","yes","yes","no",3,4,4,2,4,4,2,10,9,9,8.48731481590601
"GP","F",15,"U","LE3","T",4,3,"services","services","reputation","father",1,2,0,"yes","no","no","yes","yes","yes","yes","yes",4,4,4,2,4,2,0,10,10,10,9.69529965786253
"GP","F",16,"U","LE3","T",4,3,"teacher","services","course","mother",3,2,0,"no","yes","no","yes","yes","yes","yes","no",5,4,3,1,2,1,2,16,15,15,15.4212133849085
"GP","M",15,"U","GT3","A",4,4,"other","services","reputation","mother",1,4,0,"no","yes","no","yes","no","yes","yes","yes",1,3,3,5,5,3,4,13,13,12,12.9061988889799
"GP","F",16,"U","GT3","T",3,1,"services","other","course","mother",1,4,0,"yes","yes","yes","no","yes","yes","yes","no",4,3,3,1,2,5,4,7,7,6,5.98041316344538
"GP","F",15,"R","LE3","T",2,2,"health","services","reputation","mother",2,2,0,"yes","yes","yes","no","yes","yes","yes","no",4,1,3,1,3,4,2,8,9,8,8.48374947783688
"GP","F",15,"R","LE3","T",3,1,"other","other","reputation","father",2,4,0,"no","yes","no","no","no","yes","yes","no",4,4,2,2,3,3,12,16,16,16,16.6154373057601
"GP","M",16,"U","GT3","T",3,1,"other","other","reputation","father",2,4,0,"no","yes","yes","no","yes","yes","yes","no",4,3,2,1,1,5,0,13,15,15,14.5082968376894
"GP","M",15,"U","GT3","T",4,2,"other","other","course","mother",1,4,0,"no","no","no","no","yes","yes","yes","no",3,3,3,1,1,3,0,10,10,10,9.36001555161958
"GP","F",15,"R","GT3","T",1,1,"other","other","reputation","mother",1,2,2,"yes","yes","no","no","no","yes","yes","yes",3,3,4,2,4,5,2,8,6,5,5.15609699925403
"GP","M",16,"U","GT3","T",3,1,"other","other","reputation","mother",1,1,0,"no","no","no","yes","yes","yes","no","no",5,3,2,2,2,5,2,12,12,14,12.0403588796674
"GP","F",16,"U","GT3","T",3,3,"other","services","home","mother",1,2,0,"yes","yes","yes","yes","yes","yes","yes","no",4,3,3,2,4,5,54,11,12,11,13.8270645585816
"GP","M",15,"U","GT3","T",4,3,"teacher","other","home","mother",1,2,0,"no","yes","yes","yes","yes","yes","yes","no",4,3,3,2,3,5,6,9,9,10,8.81217285767878
"GP","M",15,"U","GT3","T",4,0,"teacher","other","course","mother",2,4,0,"no","no","no","yes","yes","yes","yes","no",3,4,3,1,1,1,8,11,11,10,10.8138351297727
"GP","F",16,"U","GT3","T",2,2,"other","other","reputation","mother",1,4,0,"no","no","yes","no","yes","yes","yes","yes",5,2,3,1,3,3,0,11,11,11,10.3281957612795
"GP","M",17,"U","GT3","T",2,1,"other","other","home","mother",2,1,3,"yes","yes","no","yes","yes","no","yes","no",4,5,1,1,1,3,2,8,8,10,6.70904830989701
"GP","F",16,"U","GT3","T",3,4,"at_home","other","course","mother",1,2,0,"no","yes","no","no","yes","yes","yes","no",2,4,3,1,2,3,12,5,5,5,4.386388589901
"GP","M",15,"U","GT3","T",2,3,"other","services","course","father",1,1,0,"yes","yes","yes","yes","no","yes","yes","yes",3,2,2,1,3,3,2,10,12,12,11.8691514884768
"GP","M",15,"U","GT3","T",2,3,"other","other","home","mother",1,3,0,"yes","no","yes","no","no","yes","yes","no",5,3,2,1,2,5,4,11,10,11,9.85608098458295
"GP","F",15,"U","LE3","T",3,2,"services","other","reputation","mother",1,2,0,"no","yes","yes","no","yes","yes","yes","no",4,4,4,1,1,5,10,7,6,6,5.75746797958019
"GP","M",15,"U","LE3","T",2,2,"services","services","home","mother",2,2,0,"no","no","yes","yes","yes","yes","yes","no",5,3,3,1,3,4,4,15,15,15,15.4969018338499
"GP","F",15,"U","GT3","T",1,1,"other","other","home","father",1,2,0,"no","yes","no","yes","no","yes","yes","no",4,3,2,2,3,4,2,9,10,10,9.61145889715038
"GP","F",15,"U","GT3","T",4,4,"services","services","reputation","father",2,2,2,"no","no","yes","no","yes","yes","yes","yes",4,4,4,2,3,5,6,7,9,8,8.04080713492608
"GP","F",16,"U","LE3","T",2,2,"at_home","other","course","mother",1,2,0,"no","yes","no","no","yes","yes","no","no",4,3,4,1,2,2,4,8,7,6,6.4810655701104
"GP","F",15,"U","GT3","T",4,2,"other","other","reputation","mother",1,3,0,"no","yes","no","yes","yes","yes","yes","no",5,3,3,1,3,1,4,13,14,14,14.0361820609928
"GP","M",16,"U","GT3","T",2,2,"services","other","reputation","father",2,2,1,"no","no","yes","yes","no","yes","yes","no",4,4,2,1,1,3,12,11,10,10,9.96998942593628
"GP","M",16,"U","LE3","A",4,4,"teacher","health","reputation","mother",1,2,0,"no","yes","no","no","yes","yes","no","no",4,1,3,3,5,5,18,8,6,7,6.08941722918838
"GP","F",16,"U","GT3","T",3,3,"other","other","home","mother",1,3,0,"no","yes","yes","no","yes","yes","yes","yes",4,3,3,1,3,4,0,7,7,8,5.98500013714703
"GP","F",15,"U","GT3","T",4,3,"services","other","reputation","mother",1,1,0,"no","no","yes","yes","yes","yes","yes","no",4,5,5,1,3,1,4,16,17,18,17.7545944251763
"GP","F",16,"U","LE3","T",3,1,"other","other","home","father",1,2,0,"yes","yes","no","no","yes","yes","no","no",3,3,3,2,3,2,4,7,6,6,5.35335615079691
"GP","F",16,"U","GT3","T",4,2,"teacher","services","home","mother",2,2,0,"no","yes","yes","yes","yes","yes","yes","no",5,3,3,1,1,1,0,11,10,10,9.70113874863107
"GP","M",15,"U","LE3","T",2,2,"services","health","reputation","mother",1,4,0,"no","yes","no","yes","yes","yes","yes","no",4,3,4,1,1,4,6,11,13,14,12.6569898278457
"GP","F",15,"R","GT3","T",1,1,"at_home","other","home","mother",2,4,1,"yes","yes","yes","yes","yes","yes","yes","no",3,1,2,1,1,1,2,7,10,10,8.725123629109
"GP","M",16,"R","GT3","T",4,3,"services","other","reputation","mother",2,1,0,"yes","yes","no","yes","no","yes","yes","no",3,3,3,1,1,4,2,11,15,15,14.7620139359196
"GP","F",16,"U","GT3","T",2,1,"other","other","course","mother",1,2,0,"no","yes","yes","no","yes","yes","no","yes",4,3,5,1,1,5,2,8,9,10,8.32422026818335
"GP","F",16,"U","GT3","T",4,4,"other","other","reputation","mother",1,1,0,"no","no","no","yes","no","yes","yes","no",5,3,4,1,2,1,6,11,14,14,13.962727896448
"GP","F",16,"U","GT3","T",4,3,"other","at_home","course","mother",1,3,0,"yes","yes","yes","no","yes","yes","yes","no",5,3,5,1,1,3,0,7,9,8,7.90968237492988
"GP","M",16,"U","GT3","T",4,4,"services","services","other","mother",1,1,0,"yes","yes","yes","yes","yes","yes","yes","no",4,5,5,5,5,4,14,7,7,5,6.89097702135939
"GP","M",16,"U","GT3","T",4,4,"services","teacher","other","father",1,3,0,"no","yes","no","yes","yes","yes","yes","yes",4,4,3,1,1,4,0,16,17,17,17.0967260298599
"GP","M",15,"U","GT3","T",4,4,"services","other","course","mother",1,1,0,"no","yes","no","yes","no","yes","yes","no",5,3,3,1,1,5,4,10,13,14,12.9130201470781
"GP","F",15,"U","GT3","T",3,2,"services","other","home","mother",2,2,0,"yes","yes","yes","no","yes","yes","yes","no",4,3,5,1,1,2,26,7,6,6,6.40968829725951
"GP","M",15,"U","GT3","A",3,4,"services","other","course","mother",1,2,0,"no","yes","yes","yes","yes","yes","yes","no",5,4,4,1,1,1,0,16,18,18,18.3862384115264
"GP","F",15,"U","GT3","A",3,3,"other","health","reputation","father",1,4,0,"yes","no","no","no","yes","yes","no","no",4,3,3,1,1,4,10,10,11,11,10.7299943690606
"GP","F",15,"U","GT3","T",2,2,"other","other","course","mother",1,4,0,"yes","yes","yes","no","yes","yes","yes","no",5,1,2,1,1,3,8,7,8,8,7.26533857141017
"GP","M",16,"U","GT3","T",3,3,"services","other","home","father",1,3,0,"no","yes","no","yes","yes","yes","yes","no",5,3,3,1,1,5,2,16,18,18,18.1405946884613
"GP","M",15,"R","GT3","T",4,4,"other","other","home","father",4,4,0,"no","yes","yes","yes","yes","yes","yes","yes",1,3,5,3,5,1,6,10,13,13,12.4916215274236
"GP","F",16,"U","LE3","T",4,4,"health","health","other","mother",1,3,0,"no","yes","yes","yes","yes","yes","yes","yes",5,4,5,1,1,4,4,14,15,16,15.0043622706528
"GP","M",15,"U","LE3","A",4,4,"teacher","teacher","course","mother",1,1,0,"no","no","no","yes","yes","yes","yes","no",5,5,3,1,1,4,6,18,19,19,20.0915408035132
"GP","F",16,"R","GT3","T",3,3,"services","other","reputation","father",1,3,1,"yes","yes","no","yes","yes","yes","yes","no",4,1,2,1,1,2,0,7,10,10,8.65170893286703
"GP","F",16,"U","GT3","T",2,2,"at_home","other","home","mother",1,2,1,"yes","no","no","yes","yes","yes","yes","no",3,1,2,1,1,5,6,10,13,13,12.4470618630587
"GP","M",15,"U","LE3","T",4,2,"teacher","other","course","mother",1,1,0,"no","no","no","no","yes","yes","yes","no",3,5,2,1,1,3,10,18,19,19,20.254595882933
"GP","M",15,"R","GT3","T",2,1,"health","services","reputation","mother",1,2,0,"no","no","no","yes","yes","yes","yes","yes",5,4,2,1,1,5,8,9,9,9,8.8937003973887
"GP","M",16,"U","GT3","T",4,4,"teacher","teacher","course","father",1,2,0,"no","yes","no","yes","yes","yes","yes","no",5,4,4,1,2,5,2,15,15,16,15.2558450844864
"GP","M",15,"U","GT3","T",4,4,"other","teacher","reputation","father",2,2,0,"no","yes","no","yes","yes","yes","no","no",4,4,3,1,1,2,2,11,13,14,12.8292188546688
"GP","M",16,"U","GT3","T",3,3,"other","services","home","father",2,1,0,"no","no","no","yes","yes","yes","yes","no",5,4,2,1,1,5,0,13,14,13,14.0488818781624
"GP","M",17,"R","GT3","T",1,3,"other","other","course","father",3,2,1,"no","yes","no","yes","yes","yes","yes","no",5,2,4,1,4,5,20,9,7,8,6.91881041760398
"GP","M",15,"U","GT3","T",3,4,"other","other","reputation","father",1,1,0,"no","no","no","no","yes","yes","yes","no",3,4,3,1,2,4,6,14,13,13,13.6560208884763
"GP","F",15,"U","GT3","T",1,2,"at_home","services","course","mother",1,2,0,"no","no","no","no","no","yes","yes","no",3,2,3,1,2,1,2,16,15,15,15.580742594562
"GP","M",15,"U","GT3","T",2,2,"services","services","home","father",1,4,0,"no","yes","yes","yes","yes","yes","yes","no",5,5,4,1,2,5,6,16,14,15,14.4461724488475
"GP","F",16,"U","LE3","T",2,4,"other","health","course","father",2,2,0,"no","yes","yes","yes","yes","yes","yes","yes",4,2,2,1,2,5,2,13,13,13,13.0004262458594
"GP","M",16,"U","GT3","T",4,4,"health","other","course","mother",1,1,0,"no","yes","no","yes","yes","yes","yes","no",3,4,4,1,4,5,18,14,11,13,12.0609746792994
"GP","F",16,"U","GT3","T",2,2,"other","other","home","mother",1,2,0,"no","no","yes","no","yes","yes","yes","yes",5,4,4,1,1,5,0,8,7,8,6.31801049069057
"GP","M",15,"U","GT3","T",3,4,"services","services","home","father",1,1,0,"yes","no","no","no","yes","yes","yes","no",5,5,5,3,2,5,0,13,13,12,13.2460699689245
"GP","F",15,"U","LE3","A",3,4,"other","other","home","mother",1,2,0,"yes","no","no","yes","yes","yes","yes","yes",5,3,2,1,1,1,0,7,10,11,9.19919475659633
"GP","F",19,"U","GT3","T",0,1,"at_home","other","course","other",1,2,3,"no","yes","no","no","no","no","no","no",3,4,2,1,1,5,2,7,8,9,6.0569795370464
"GP","M",18,"R","GT3","T",2,2,"services","other","reputation","mother",1,1,2,"no","yes","no","yes","yes","yes","yes","no",3,3,3,1,2,4,0,7,4,0,2.67357334550006
"GP","M",16,"R","GT3","T",4,4,"teacher","teacher","course","mother",1,1,0,"no","no","yes","yes","yes","yes","yes","no",3,5,5,2,5,4,8,18,18,18,19.0511980146781
"GP","F",15,"R","GT3","T",3,4,"services","teacher","course","father",2,3,2,"no","yes","no","no","yes","yes","yes","yes",4,2,2,2,2,5,0,12,0,0,-0.205646105237662
"GP","F",15,"U","GT3","T",1,1,"at_home","other","course","mother",3,1,0,"no","yes","no","yes","no","yes","yes","yes",4,3,3,1,2,4,0,8,0,0,-0.091206078774416
"GP","F",17,"U","LE3","T",2,2,"other","other","course","father",1,1,0,"no","yes","no","no","yes","yes","yes","yes",3,4,4,1,3,5,12,10,13,12,12.9200718866107
"GP","F",16,"U","GT3","A",3,4,"services","other","course","father",1,1,0,"no","no","no","no","yes","yes","yes","no",3,2,1,1,4,5,16,12,11,11,11.6487105387454
"GP","M",15,"R","GT3","T",3,4,"at_home","teacher","course","mother",4,2,0,"no","yes","no","no","yes","yes","no","yes",5,3,3,1,1,5,0,9,0,0,-0.0934798314738252
"GP","F",15,"U","GT3","T",4,4,"services","at_home","course","mother",1,3,0,"no","yes","no","yes","yes","yes","yes","yes",4,3,3,1,1,5,0,11,0,0,0.069614716248835
"GP","M",17,"R","GT3","T",3,4,"at_home","other","course","mother",3,2,0,"no","no","no","no","yes","yes","no","no",5,4,5,2,4,5,0,10,0,0,-0.247169950358824
"GP","F",16,"U","GT3","A",3,3,"other","other","course","other",2,1,2,"no","yes","no","yes","no","yes","yes","yes",4,3,2,1,1,5,0,4,0,0,-1.35283761202479
"GP","M",16,"U","LE3","T",1,1,"services","other","course","mother",1,2,1,"no","no","no","no","yes","yes","no","yes",4,4,4,1,3,5,0,14,12,12,11.9016113267259
"GP","F",15,"U","GT3","T",4,4,"teacher","teacher","course","mother",2,1,0,"no","no","no","yes","yes","yes","yes","no",4,3,2,1,1,5,0,16,16,15,16.629198226865
"GP","M",15,"U","GT3","T",4,3,"teacher","services","course","father",2,4,0,"yes","yes","no","no","yes","yes","yes","no",2,2,2,1,1,3,0,7,9,0,7.90156953146194
"GP","M",16,"U","LE3","T",2,2,"services","services","reputation","father",2,1,2,"no","yes","no","yes","yes","yes","yes","no",2,3,3,2,2,2,8,9,9,9,8.46118411894807
"GP","F",15,"U","GT3","T",4,4,"teacher","services","course","mother",1,3,0,"no","yes","yes","yes","yes","yes","yes","no",4,2,2,1,1,5,2,9,11,11,10.4061579629203
"GP","F",16,"U","LE3","T",1,1,"at_home","at_home","course","mother",1,1,0,"no","no","no","no","yes","yes","yes","no",3,4,4,3,3,1,2,14,14,13,14.2957777182944
"GP","M",17,"U","GT3","T",2,1,"other","other","home","mother",1,1,3,"no","yes","no","no","yes","yes","yes","no",5,4,5,1,2,5,0,5,0,0,-1.56731308221054
"GP","F",15,"U","GT3","T",1,1,"other","services","course","father",1,2,0,"no","yes","yes","no","yes","yes","yes","no",4,4,2,1,2,5,0,8,11,11,10.3269041759098
"GP","F",15,"U","GT3","T",3,2,"health","services","home","father",1,2,3,"no","yes","no","no","yes","yes","yes","no",3,3,2,1,1,3,0,6,7,0,5.48585941663712
"GP","F",15,"U","GT3","T",1,2,"at_home","other","course","mother",1,2,0,"no","yes","yes","no","no","yes","yes","no",4,3,2,1,1,5,2,10,11,11,10.7391683164639
"GP","M",16,"U","GT3","T",4,4,"teacher","teacher","course","mother",1,1,0,"no","yes","no","no","yes","no","yes","yes",3,3,2,2,1,5,0,7,6,0,5.35794312449855
"GP","M",15,"U","LE3","A",2,1,"services","other","course","mother",4,1,3,"no","no","no","no","yes","yes","yes","no",4,5,5,2,5,5,0,8,9,10,7.9089203083856
"GP","M",18,"U","LE3","T",1,1,"other","other","course","mother",1,1,3,"no","no","no","no","yes","no","yes","yes",2,3,5,2,5,4,0,6,5,0,3.25023160301514
"GP","M",16,"U","LE3","T",2,1,"at_home","other","course","mother",1,1,1,"no","no","no","yes","yes","yes","no","yes",4,4,4,3,5,5,6,12,13,14,12.9454405170244
"GP","F",15,"R","GT3","T",3,3,"services","services","reputation","other",2,3,2,"no","yes","yes","yes","yes","yes","yes","yes",4,2,1,2,3,3,8,10,10,10,9.41313864167215
"GP","M",19,"U","GT3","T",3,2,"services","at_home","home","mother",1,1,3,"no","yes","no","no","yes","no","yes","yes",4,5,4,1,1,4,0,5,0,0,-1.88637150151761
"GP","F",17,"U","GT3","T",4,4,"other","teacher","course","mother",1,1,0,"yes","yes","no","no","yes","yes","no","yes",4,2,1,1,1,4,0,11,11,12,10.6715927109904
"GP","M",15,"R","GT3","T",2,3,"at_home","services","course","mother",1,2,0,"yes","no","yes","yes","yes","yes","no","no",4,4,4,1,1,1,2,11,8,8,8.01751326021166
"GP","M",17,"R","LE3","T",1,2,"other","other","reputation","mother",1,1,0,"no","no","no","no","yes","yes","no","no",2,2,2,3,3,5,8,16,12,13,12.7868854908319
"GP","F",18,"R","GT3","T",1,1,"at_home","other","course","mother",3,1,3,"no","yes","no","yes","no","yes","no","no",5,2,5,1,5,4,6,9,8,10,6.87794248008538
"GP","M",16,"R","GT3","T",2,2,"at_home","other","course","mother",3,1,0,"no","no","no","no","no","yes","no","no",4,2,2,1,2,3,2,17,15,15,15.754223738452
"GP","M",16,"U","GT3","T",3,3,"other","services","course","father",1,2,1,"no","yes","yes","no","yes","yes","yes","yes",4,5,5,4,4,5,4,10,12,12,11.4031932044574
"GP","M",17,"R","LE3","T",2,1,"at_home","other","course","mother",2,1,2,"no","no","no","yes","yes","no","yes","yes",3,3,2,2,2,5,0,7,6,0,4.75778479293645
"GP","M",15,"R","GT3","T",3,2,"other","other","course","mother",2,2,2,"yes","yes","no","no","yes","yes","yes","yes",4,4,4,1,4,3,6,5,9,7,7.71007053408194
"GP","M",16,"U","LE3","T",1,2,"other","other","course","mother",2,1,1,"no","no","no","yes","yes","yes","no","no",4,4,4,2,4,5,0,7,0,0,-0.636418149804303
"GP","M",17,"U","GT3","T",1,3,"at_home","services","course","father",1,1,0,"no","no","no","no","yes","no","yes","no",5,3,3,1,4,2,2,10,10,10,9.62541083138686
"GP","M",17,"R","LE3","T",1,1,"other","services","course","mother",4,2,3,"no","no","no","yes","yes","no","no","yes",5,3,5,1,5,5,0,5,8,7,5.96377381579941
"GP","M",16,"U","GT3","T",3,2,"services","services","course","mother",2,1,1,"no","yes","no","yes","no","no","no","no",4,5,2,1,1,2,16,12,11,12,11.4283959777911
"GP","M",16,"U","GT3","T",2,2,"other","other","course","father",1,2,0,"no","no","no","no","yes","no","yes","no",4,3,5,2,4,4,4,10,10,10,9.69882552762883
"GP","F",16,"U","GT3","T",4,2,"health","services","home","father",1,2,0,"no","no","yes","no","yes","yes","yes","yes",4,2,3,1,1,3,0,14,15,16,15.0089492443544
"GP","F",16,"U","GT3","T",2,2,"other","other","home","mother",1,2,0,"no","yes","yes","no","no","yes","yes","no",5,1,5,1,1,4,0,6,7,0,5.98727388984643
"GP","F",16,"U","GT3","T",4,4,"health","health","reputation","mother",1,2,0,"no","yes","yes","no","yes","yes","yes","yes",4,4,2,1,1,3,0,14,14,14,14.046608125463
"GP","M",16,"U","GT3","T",3,4,"other","other","course","father",3,1,2,"no","yes","no","yes","no","yes","yes","no",3,4,5,2,4,2,0,6,5,0,3.78960458327649
"GP","M",16,"U","GT3","T",1,0,"other","other","reputation","mother",2,2,0,"no","yes","yes","yes","yes","yes","yes","yes",4,3,2,1,1,3,2,13,15,16,14.9251084836423
"GP","M",17,"U","LE3","T",4,4,"teacher","other","reputation","mother",1,2,0,"no","yes","yes","yes","yes","yes","yes","no",4,4,4,1,3,5,0,13,11,10,10.8346872587131
"GP","F",16,"U","GT3","T",1,3,"at_home","services","home","mother",1,2,3,"no","no","no","yes","no","yes","yes","yes",4,3,5,1,1,3,0,8,7,0,5.65706680782773
"GP","F",16,"U","LE3","T",3,3,"other","other","reputation","mother",2,2,0,"no","yes","yes","yes","yes","yes","yes","no",4,4,5,1,1,4,4,10,11,9,10.6611666465203
"GP","M",17,"U","LE3","T",4,3,"teacher","other","course","mother",2,2,0,"no","no","yes","yes","yes","yes","yes","no",4,4,4,4,4,4,4,10,9,9,8.57695519908387
"GP","F",16,"U","GT3","T",2,2,"services","other","reputation","mother",2,2,0,"no","no","yes","yes","no","yes","yes","no",3,4,4,1,4,5,2,13,13,11,13.0004262458594
"GP","M",17,"U","GT3","T",3,3,"other","other","reputation","father",1,2,0,"no","no","no","yes","no","yes","yes","no",4,3,4,1,4,4,4,6,5,6,4.06611752182987
"GP","M",16,"R","GT3","T",4,2,"teacher","services","other","mother",1,1,0,"no","yes","no","yes","yes","yes","yes","yes",4,3,3,3,4,3,10,10,8,9,8.1863679620972
"GP","M",17,"U","GT3","T",4,3,"other","other","course","mother",1,2,0,"no","yes","no","yes","yes","yes","yes","yes",5,2,3,1,1,2,4,10,10,11,9.5392963179753
"GP","M",16,"U","GT3","T",4,3,"teacher","other","home","mother",1,2,0,"no","yes","yes","yes","yes","yes","yes","no",3,4,3,2,3,3,10,9,8,8,7.85335760855365
"GP","M",16,"U","GT3","T",3,3,"services","other","home","mother",1,2,0,"no","no","yes","yes","yes","yes","yes","yes",4,2,3,1,2,3,2,12,13,12,12.8350579454373
"GP","F",17,"U","GT3","T",2,4,"services","services","reputation","father",1,2,0,"no","yes","no","yes","yes","yes","no","no",5,4,2,2,3,5,0,16,17,17,17.1048388733279
"GP","F",17,"U","LE3","T",3,3,"other","other","reputation","mother",1,2,0,"no","yes","no","yes","yes","yes","yes","yes",5,3,3,2,3,1,56,9,9,8,10.5313029311196
"GP","F",16,"U","GT3","T",3,2,"other","other","reputation","mother",1,2,0,"no","yes","yes","no","yes","yes","yes","no",1,2,2,1,2,1,14,12,13,12,13.3242231836968
"GP","M",17,"U","GT3","T",3,3,"services","services","other","mother",1,2,0,"no","yes","no","yes","yes","yes","yes","yes",4,3,4,2,3,4,12,12,12,11,12.120825315442
"GP","M",16,"U","GT3","T",1,2,"services","services","other","mother",1,1,0,"no","yes","yes","yes","yes","yes","yes","yes",3,3,3,1,2,3,2,11,12,11,11.8749905792453
"GP","M",16,"U","LE3","T",2,1,"other","other","course","mother",1,2,0,"no","no","yes","yes","yes","yes","yes","yes",4,2,3,1,2,5,0,15,15,15,15.1743175447765
"GP","F",17,"U","GT3","A",3,3,"health","other","reputation","mother",1,2,0,"no","yes","no","no","no","yes","yes","yes",3,3,3,1,3,3,6,8,7,9,6.40306390016679
"GP","M",17,"R","GT3","T",1,2,"at_home","other","home","mother",1,2,0,"no","no","no","no","yes","yes","no","no",3,1,3,1,5,3,4,8,9,10,8.24621859823973
"GP","F",16,"U","GT3","T",2,3,"services","services","course","mother",1,2,0,"no","no","no","no","yes","yes","yes","no",4,3,3,1,1,2,10,11,12,13,12.0334586849635
"GP","F",17,"U","GT3","T",1,1,"at_home","services","course","mother",1,2,0,"no","no","no","yes","yes","yes","yes","no",5,3,3,1,1,3,0,8,8,9,7.12082239992847
"GP","M",17,"U","GT3","T",1,2,"at_home","services","other","other",2,2,0,"no","no","yes","yes","no","yes","yes","no",4,4,4,4,5,5,12,7,8,8,7.44461933776589
"GP","M",16,"R","GT3","T",3,3,"services","services","reputation","mother",1,1,0,"no","yes","no","yes","yes","yes","yes","no",4,3,2,3,4,5,8,8,9,10,8.73644494043457
"GP","M",16,"U","GT3","T",2,3,"other","other","home","father",2,1,0,"no","no","no","no","yes","yes","yes","no",5,3,3,1,1,3,0,13,14,14,14.0488818781624
"GP","F",17,"U","LE3","T",2,4,"services","services","course","father",1,2,0,"no","no","no","yes","yes","yes","yes","yes",4,3,2,1,1,5,0,14,15,15,14.8494200347009
"GP","M",17,"U","GT3","T",4,4,"services","teacher","home","mother",1,1,0,"no","no","no","no","yes","yes","yes","no",5,2,3,1,2,5,4,17,15,16,15.6762220685084
"GP","M",16,"R","LE3","T",3,3,"teacher","other","home","father",3,1,0,"no","yes","yes","yes","yes","yes","yes","no",3,3,4,3,5,3,8,9,9,10,8.90181324085664
"GP","F",17,"U","GT3","T",4,4,"services","teacher","home","mother",2,1,1,"no","yes","no","no","yes","yes","yes","no",4,2,4,2,3,2,24,18,18,18,19.3235745617496
"GP","F",16,"U","LE3","T",4,4,"teacher","teacher","reputation","mother",1,2,0,"no","yes","yes","no","yes","yes","yes","no",4,5,2,1,2,3,0,9,9,10,8.4080610288955
"GP","F",16,"U","GT3","T",4,3,"health","other","home","mother",1,2,0,"no","yes","no","yes","yes","yes","yes","no",4,3,5,1,5,2,2,16,16,16,16.3835545037999
"GP","F",16,"U","GT3","T",2,3,"other","other","reputation","mother",1,2,0,"yes","yes","yes","yes","yes","yes","no","no",4,4,3,1,3,4,6,8,10,10,9.44961646649461
"GP","F",17,"U","GT3","T",1,1,"other","other","course","mother",1,2,0,"no","yes","yes","no","no","yes","no","no",4,4,4,1,3,1,4,9,9,10,8.4115868986618
"GP","F",17,"R","GT3","T",2,2,"other","other","reputation","mother",1,1,0,"no","yes","no","no","yes","yes","yes","no",5,3,2,1,2,3,18,7,6,6,5.93216177223426
"GP","F",16,"R","GT3","T",2,2,"services","services","reputation","mother",2,4,0,"no","yes","yes","yes","no","yes","yes","no",5,3,5,1,1,5,6,10,10,11,9.44506896109579
"GP","F",17,"U","GT3","T",3,4,"at_home","services","home","mother",1,3,1,"no","yes","yes","no","yes","yes","yes","yes",4,4,3,3,4,5,28,10,9,9,9.16732906152709
"GP","F",16,"U","GT3","A",3,1,"services","other","course","mother",1,2,3,"no","yes","yes","no","yes","yes","yes","no",2,3,3,2,2,4,5,7,7,7,5.69551735668044
"GP","F",16,"U","GT3","T",4,3,"teacher","other","other","mother",1,2,0,"no","no","yes","yes","yes","yes","yes","yes",1,3,2,1,1,1,10,11,12,13,12.0334586849635
"GP","F",16,"U","GT3","T",1,1,"at_home","other","home","mother",2,1,0,"no","yes","yes","no","yes","yes","no","no",4,3,2,1,4,5,6,9,9,10,8.82028570114672
"GP","F",17,"R","GT3","T",4,3,"teacher","other","reputation","mother",2,3,0,"no","yes","yes","yes","yes","yes","yes","yes",4,4,2,1,1,4,6,7,7,7,6.07005354662324
"GP","F",19,"U","GT3","T",3,3,"other","other","reputation","other",1,4,0,"no","yes","yes","yes","yes","yes","yes","no",4,3,3,1,2,3,10,8,8,8,6.87411757292802
"GP","M",17,"U","LE3","T",4,4,"services","other","home","mother",1,2,0,"no","yes","yes","no","yes","yes","yes","yes",5,3,5,4,5,3,13,12,12,13,12.1615890852969
"GP","F",16,"U","GT3","A",2,2,"other","other","reputation","mother",1,2,0,"yes","yes","yes","no","yes","yes","yes","no",3,3,4,1,1,4,0,12,13,14,12.7535304057274
"GP","M",18,"U","GT3","T",2,2,"services","other","home","mother",1,2,1,"no","yes","yes","yes","yes","yes","yes","no",4,4,4,2,4,5,15,6,7,8,6.05935745740945
"GP","F",17,"R","LE3","T",4,4,"services","other","other","mother",1,1,0,"no","yes","yes","no","yes","yes","no","no",5,2,1,1,2,3,12,8,10,10,9.7023119290923
"GP","F",17,"U","LE3","T",3,2,"other","other","reputation","mother",2,2,0,"no","no","yes","no","yes","yes","yes","no",4,4,4,1,3,1,2,14,15,15,14.9309475744108
"GP","F",17,"U","GT3","T",4,3,"other","other","reputation","mother",1,2,2,"no","no","yes","no","yes","yes","yes","yes",3,4,5,2,4,1,22,6,6,4,5.32157737620197
"GP","M",18,"U","LE3","T",3,3,"services","health","home","father",1,2,1,"no","yes","yes","no","yes","yes","yes","no",3,2,4,2,4,4,13,6,6,8,5.0154887988081
"GP","F",17,"U","GT3","T",2,3,"at_home","other","home","father",2,1,0,"no","yes","yes","no","yes","yes","no","no",3,3,3,1,4,3,3,7,7,8,6.28304634330132
"GP","F",17,"U","GT3","T",2,2,"at_home","at_home","course","mother",1,3,0,"no","yes","yes","yes","yes","yes","yes","no",4,3,3,1,1,4,4,9,10,10,9.20628596443175
"GP","F",17,"R","GT3","T",2,1,"at_home","services","reputation","mother",2,2,0,"no","yes","no","yes","yes","yes","yes","no",4,2,5,1,2,5,2,6,6,6,4.94693110101139
"GP","F",17,"U","GT3","T",1,1,"at_home","other","reputation","mother",1,3,1,"no","yes","no","yes","yes","yes","no","yes",4,3,4,1,1,5,0,6,5,0,3.51510582833428
"GP","F",16,"U","GT3","T",2,3,"services","teacher","other","mother",1,2,0,"yes","no","no","no","yes","yes","yes","no",2,3,1,1,1,3,2,16,16,17,16.3835545037999
"GP","M",18,"U","GT3","T",2,2,"other","other","home","mother",2,2,0,"no","yes","yes","no","yes","yes","yes","no",3,3,3,5,5,4,0,12,13,13,12.4344719864204
"GP","F",16,"U","GT3","T",4,4,"teacher","services","home","mother",1,3,0,"no","yes","no","yes","no","yes","yes","no",5,3,2,1,1,5,0,13,13,14,12.751256653028
"GP","F",18,"R","GT3","T",3,1,"other","other","reputation","mother",1,2,1,"no","no","no","yes","yes","yes","yes","yes",5,3,3,1,1,4,16,9,8,7,7.55856724742204
"GP","F",17,"U","GT3","T",3,2,"other","other","course","mother",1,2,0,"no","no","no","yes","no","yes","yes","no",5,3,4,1,3,3,10,16,15,15,15.5877943340946
"GP","M",17,"U","LE3","T",2,3,"services","services","reputation","father",1,2,0,"no","yes","yes","no","no","yes","yes","no",5,3,3,1,3,3,2,12,11,12,10.7508464980009
"GP","M",18,"U","LE3","T",2,1,"at_home","other","course","mother",4,2,0,"yes","yes","yes","yes","yes","yes","yes","yes",4,3,2,4,5,3,14,10,8,9,7.86272256908848
"GP","F",17,"U","GT3","A",2,1,"other","other","course","mother",2,3,0,"no","no","no","yes","yes","yes","yes","yes",3,2,3,1,2,3,10,12,10,12,9.9469734848277
"GP","F",17,"U","LE3","T",4,3,"health","other","reputation","father",1,2,0,"no","no","no","yes","yes","yes","yes","yes",3,2,3,1,2,3,14,13,13,14,13.3300622744654
"GP","M",17,"R","GT3","T",2,2,"other","other","course","father",2,2,0,"no","yes","yes","yes","yes","yes","yes","no",4,5,2,1,1,1,4,11,11,11,10.6670057372888
"GP","M",17,"U","GT3","T",4,4,"teacher","teacher","reputation","mother",1,2,0,"yes","yes","no","yes","yes","yes","yes","yes",4,5,5,1,3,2,14,11,9,9,9.14996119805551
"GP","M",16,"U","GT3","T",4,4,"health","other","reputation","father",1,2,0,"no","yes","yes","yes","yes","yes","yes","no",4,2,4,2,4,1,2,14,13,13,13.1657945462815
"GP","M",16,"U","LE3","T",1,1,"other","other","home","mother",2,2,0,"no","yes","yes","no","yes","yes","yes","no",3,4,2,1,1,5,18,9,7,6,7.21712664850188
"GP","M",16,"U","GT3","T",3,2,"at_home","other","reputation","mother",2,3,0,"no","no","no","yes","yes","yes","yes","yes",5,3,3,1,3,2,10,11,9,10,8.97879327516774
"GP","M",17,"U","LE3","T",2,2,"other","other","home","father",1,2,0,"no","no","yes","yes","no","yes","yes","yes",4,4,2,5,5,4,4,14,13,13,13.0877928763379
"GP","F",16,"U","GT3","T",2,1,"other","other","home","mother",1,1,0,"no","no","no","no","yes","yes","yes","yes",4,5,2,1,1,5,20,13,12,12,12.9394750374787
"GP","F",17,"R","GT3","T",2,1,"at_home","services","course","mother",3,2,0,"no","no","no","yes","yes","yes","no","no",2,1,1,1,1,3,2,13,11,11,10.916214798423
"GP","M",18,"U","GT3","T",2,2,"other","services","reputation","father",1,2,1,"no","no","no","no","yes","no","yes","no",5,5,4,3,5,2,0,7,7,0,5.61326921000715
"GP","M",17,"U","LE3","T",4,3,"health","other","course","mother",2,2,0,"no","no","no","yes","yes","yes","yes","yes",2,5,5,1,4,5,14,12,12,12,12.2023528551519
"GP","M",17,"R","LE3","A",4,4,"teacher","other","course","mother",2,2,0,"no","yes","yes","no","yes","yes","yes","no",3,3,3,2,3,4,2,10,11,12,10.4201098971568
"GP","M",16,"U","LE3","T",4,3,"teacher","other","course","mother",1,1,0,"no","no","no","yes","no","yes","yes","no",5,4,5,1,1,3,0,6,0,0,-0.581471889272089
"GP","M",16,"U","GT3","T",4,4,"services","services","course","mother",1,1,0,"no","no","no","yes","yes","yes","yes","no",5,3,2,1,2,5,0,13,12,12,12.1241996403795
"GP","F",18,"U","GT3","T",2,1,"other","other","course","other",2,3,0,"no","yes","yes","no","no","yes","yes","yes",4,4,4,1,1,3,0,7,0,0,-1.07044611440004
"GP","M",16,"U","GT3","T",2,1,"other","other","course","mother",3,1,0,"no","no","no","no","yes","yes","yes","no",4,3,3,1,1,4,6,18,18,18,18.9696704749682
"GP","M",17,"U","GT3","T",2,3,"other","other","course","father",2,1,0,"no","no","no","no","yes","yes","yes","no",5,2,2,1,1,2,4,12,12,13,11.9623572097238
"GP","M",22,"U","GT3","T",3,1,"services","services","other","mother",1,1,3,"no","no","no","no","no","no","yes","yes",5,4,5,5,5,1,16,6,8,8,6.15135843875461
"GP","M",18,"R","LE3","T",3,3,"other","services","course","mother",1,2,1,"no","yes","no","no","yes","yes","yes","yes",4,3,3,1,3,5,8,3,5,5,3.35322392937568
"GP","M",16,"U","GT3","T",0,2,"other","other","other","mother",1,1,0,"no","no","yes","no","no","yes","yes","no",4,3,2,2,4,5,0,13,15,15,15.0112229970538
"GP","M",18,"U","GT3","T",3,2,"services","other","course","mother",2,1,1,"no","no","no","no","yes","no","yes","no",4,4,5,2,4,5,0,6,8,8,6.57788408159799
"GP","M",16,"U","GT3","T",3,3,"at_home","other","reputation","other",3,2,0,"yes","yes","no","no","no","yes","yes","no",5,3,3,1,3,2,6,7,10,10,9.28424816607254
"GP","M",18,"U","GT3","T",2,1,"services","services","other","mother",1,1,1,"no","no","no","no","no","no","yes","no",3,2,5,2,5,5,4,6,9,8,7.70328027990925
"GP","M",16,"R","GT3","T",2,1,"other","other","course","mother",2,1,0,"no","no","no","yes","no","yes","no","no",3,3,2,1,3,3,0,8,9,8,8.41033478159491
"GP","M",17,"R","GT3","T",2,1,"other","other","course","mother",1,1,0,"no","no","no","no","no","yes","yes","no",4,4,2,2,4,5,0,8,12,12,11.1378289286157
"GP","M",17,"U","LE3","T",1,1,"health","other","course","mother",2,1,1,"no","yes","no","yes","yes","yes","yes","no",4,4,4,1,2,5,2,7,9,8,7.94665025027494
"GP","F",17,"U","LE3","T",4,2,"teacher","services","reputation","mother",1,4,0,"no","yes","yes","yes","yes","yes","yes","no",4,2,3,1,1,4,6,14,12,13,11.8716951909134
"GP","M",19,"U","LE3","A",4,3,"services","at_home","reputation","mother",1,2,0,"no","yes","no","no","yes","yes","yes","no",4,3,1,1,1,1,12,11,11,11,10.6740574768214
"GP","M",18,"U","GT3","T",2,1,"other","other","home","mother",1,2,0,"no","no","no","yes","yes","yes","yes","no",5,2,4,1,2,4,8,15,14,14,14.2190281654177
"GP","F",17,"U","LE3","T",2,2,"services","services","course","father",1,4,0,"no","no","yes","yes","yes","yes","yes","yes",3,4,1,1,1,2,0,10,9,0,8.07861601342108
"GP","F",18,"U","GT3","T",4,3,"services","other","home","father",1,2,0,"no","yes","yes","no","yes","yes","yes","yes",3,1,2,1,3,2,21,17,18,18,18.929058249942
"GP","M",18,"U","GT3","T",4,3,"teacher","other","course","mother",1,2,0,"no","yes","yes","no","no","yes","yes","no",4,3,2,1,1,3,2,8,8,8,7.04282072998485
"GP","M",18,"R","GT3","T",3,2,"other","other","course","mother",1,3,0,"no","no","no","yes","no","yes","no","no",5,3,2,1,1,3,1,13,12,12,11.5106208846845
"GP","F",17,"U","GT3","T",3,3,"other","other","home","mother",1,3,0,"no","no","no","yes","no","yes","no","no",3,2,3,1,1,4,4,10,9,9,8.40931314596239
"GP","F",18,"U","GT3","T",2,2,"at_home","services","home","mother",1,3,0,"no","yes","yes","yes","yes","yes","yes","yes",4,3,3,1,1,3,0,9,10,0,8.88370167535838
"GP","M",18,"R","LE3","A",3,4,"other","other","reputation","mother",2,2,0,"no","yes","yes","yes","yes","yes","yes","no",4,2,5,3,4,1,13,17,17,17,17.6406069722109
"GP","M",17,"U","GT3","T",3,1,"services","other","other","mother",1,2,0,"no","no","yes","yes","yes","yes","yes","yes",5,4,4,3,4,5,2,9,9,10,8.33005935895188
"GP","F",18,"R","GT3","T",4,4,"teacher","other","reputation","mother",2,2,0,"no","no","yes","yes","yes","yes","yes","no",4,3,4,2,2,4,8,12,10,11,9.87355878858573
"GP","M",18,"U","GT3","T",4,2,"health","other","reputation","father",1,2,0,"no","yes","yes","yes","yes","yes","yes","yes",5,4,5,1,3,5,10,10,9,10,8.66200860856008
"GP","F",18,"R","GT3","T",2,1,"other","other","reputation","mother",2,2,0,"no","yes","no","no","yes","no","yes","yes",4,3,5,1,2,3,0,6,0,0,-1.06817236170064
"GP","F",19,"U","GT3","T",3,3,"other","services","home","other",1,2,2,"no","yes","yes","yes","yes","yes","yes","no",4,3,5,3,3,5,15,9,9,9,8.1003008258507
"GP","F",18,"U","GT3","T",2,3,"other","services","reputation","father",1,4,0,"no","yes","yes","yes","yes","yes","yes","yes",4,5,5,1,3,2,4,15,14,14,13.7206889797549
"GP","F",18,"U","LE3","T",1,1,"other","other","home","mother",2,2,0,"no","yes","yes","no","no","yes","no","no",4,4,3,1,1,3,2,11,11,11,10.4259489879253
"GP","M",17,"R","GT3","T",1,2,"at_home","at_home","home","mother",1,2,0,"no","yes","yes","yes","no","yes","no","yes",3,5,2,2,2,1,2,15,14,14,14.1339747559414
"GP","F",17,"U","GT3","T",2,4,"at_home","health","reputation","mother",2,2,0,"no","yes","yes","no","yes","yes","yes","yes",4,3,3,1,1,1,2,10,10,10,9.45776877826538
"GP","F",17,"U","LE3","T",2,2,"services","other","course","mother",2,2,0,"yes","yes","yes","no","yes","yes","yes","yes",4,4,4,2,3,5,6,12,12,12,11.8762426963122
"GP","F",18,"R","GT3","A",3,2,"other","services","home","mother",2,2,0,"no","no","no","no","no","no","yes","yes",4,1,1,1,1,5,75,10,9,9,11.3116536491323
"GP","M",18,"U","GT3","T",4,4,"teacher","services","home","mother",2,1,0,"no","no","yes","yes","yes","yes","yes","no",3,2,4,1,4,3,22,9,9,9,9.15344759951898
"GP","F",18,"U","GT3","T",4,4,"health","health","reputation","father",1,2,1,"yes","yes","no","yes","yes","yes","yes","yes",2,4,4,1,1,4,15,9,8,8,7.51780347756709
"GP","M",18,"U","LE3","T",4,3,"teacher","services","course","mother",2,1,0,"no","no","yes","yes","yes","yes","yes","no",4,2,3,1,2,1,8,10,11,10,10.6728053597545
"GP","M",17,"U","LE3","A",4,1,"services","other","home","mother",2,1,0,"no","no","yes","yes","yes","yes","yes","yes",4,5,4,2,4,5,30,8,8,8,8.51137754869868
"GP","M",17,"U","LE3","A",3,2,"teacher","services","home","mother",1,1,1,"no","no","no","no","yes","yes","yes","no",4,4,4,3,4,3,19,11,9,10,9.3011075394975
"GP","F",18,"R","LE3","T",1,1,"at_home","other","reputation","mother",2,4,0,"no","yes","yes","yes","yes","yes","no","no",5,2,2,1,1,3,1,12,12,12,11.1776105311409
"GP","F",18,"U","GT3","T",1,1,"other","other","home","mother",2,2,0,"yes","no","no","yes","yes","yes","yes","no",5,4,4,1,1,4,4,8,9,10,8.08668938858619
"GP","F",17,"U","GT3","T",2,2,"other","other","course","mother",1,2,0,"no","yes","no","no","no","yes","yes","no",5,4,5,1,2,5,4,10,9,11,8.57695519908387
"GP","M",17,"U","GT3","T",1,1,"other","other","reputation","father",1,2,0,"no","no","yes","no","no","yes","yes","no",4,3,3,1,2,4,2,12,10,11,9.78850537910952
"GP","F",18,"U","GT3","T",2,2,"at_home","at_home","other","mother",1,3,0,"no","yes","yes","no","yes","yes","yes","no",4,3,3,1,2,2,5,18,18,19,18.2745641795632
"GP","F",17,"U","GT3","T",1,1,"services","teacher","reputation","mother",1,3,0,"no","yes","yes","no","yes","yes","yes","no",4,3,3,1,1,3,6,13,12,12,11.8739689436128
"GP","M",18,"U","GT3","T",2,1,"services","services","reputation","mother",1,3,0,"no","no","yes","yes","yes","yes","yes","no",4,2,4,1,3,2,6,15,14,14,13.9698585725863
"GP","M",18,"U","LE3","A",4,4,"teacher","teacher","reputation","mother",1,2,0,"no","yes","yes","yes","yes","yes","yes","no",5,4,3,1,1,2,9,15,13,15,13.2974508163812
"GP","M",18,"U","GT3","T",4,2,"teacher","other","home","mother",1,2,0,"no","yes","yes","yes","yes","yes","yes","yes",4,3,2,1,4,5,11,12,11,11,10.958191217042
"GP","F",17,"U","GT3","T",4,3,"health","services","reputation","mother",1,3,0,"no","yes","yes","no","yes","yes","yes","no",4,2,2,1,2,3,0,15,15,15,14.8471462820015
"GP","F",18,"U","LE3","T",2,1,"services","at_home","reputation","mother",1,2,1,"no","no","no","no","yes","yes","yes","yes",5,4,3,1,1,5,12,12,12,13,11.7409815448341
"GP","F",17,"R","LE3","T",3,1,"services","other","reputation","mother",2,4,0,"no","yes","yes","no","yes","yes","no","no",3,1,2,1,1,3,6,18,18,18,18.3072151059502
"GP","M",18,"R","LE3","T",3,2,"services","other","reputation","mother",2,3,0,"no","yes","yes","yes","yes","yes","yes","no",5,4,2,1,1,4,8,14,13,14,12.9236766929827
"GP","M",17,"U","GT3","T",3,3,"health","other","home","mother",1,1,0,"no","yes","yes","no","yes","yes","yes","no",4,4,3,1,3,5,4,14,12,11,12.2930938105679
"GP","F",19,"U","GT3","T",4,4,"health","other","reputation","other",2,2,0,"no","yes","yes","yes","yes","yes","yes","no",2,3,4,2,3,2,0,10,9,0,8.09484170035697
"GP","F",18,"U","LE3","T",4,3,"other","other","home","other",2,2,0,"no","yes","yes","no","yes","yes","yes","yes",4,4,5,1,2,2,10,10,8,8,7.69966748966865
"GP","F",18,"U","GT3","T",4,3,"other","other","reputation","father",1,4,0,"no","yes","yes","no","yes","yes","yes","no",4,3,3,1,1,3,0,14,13,14,12.4299244810215
"GP","M",18,"U","LE3","T",4,4,"teacher","teacher","home","mother",1,1,0,"no","yes","yes","no","yes","yes","yes","yes",1,4,2,2,2,1,5,16,15,16,15.3920883282878
"GP","F",18,"U","LE3","A",4,4,"health","other","home","mother",1,2,0,"no","yes","no","no","yes","yes","yes","yes",4,2,4,1,1,4,14,12,10,11,10.1181414077155
"GP","M",17,"U","LE3","T",4,4,"other","teacher","home","father",2,1,0,"no","no","yes","no","yes","yes","yes","no",4,1,1,2,2,5,0,11,11,10,10.6715927109904
"GP","F",17,"U","GT3","T",4,2,"other","other","reputation","mother",2,3,0,"no","yes","yes","no","yes","yes","yes","no",4,3,3,1,1,3,0,15,12,14,11.9601229253272
"GP","F",17,"U","GT3","T",3,2,"health","health","reputation","father",1,4,0,"no","yes","yes","yes","no","yes","yes","no",5,2,2,1,2,5,0,17,17,18,16.934923067507
"GP","M",19,"U","GT3","T",3,3,"other","other","home","other",1,2,1,"no","yes","no","yes","yes","yes","yes","yes",4,4,4,1,1,3,20,15,14,13,14.3283496330693
"GP","F",18,"U","GT3","T",2,4,"services","at_home","reputation","other",1,2,1,"no","yes","yes","yes","yes","yes","yes","no",4,4,3,1,1,3,8,14,12,12,11.9086630662584
"GP","M",20,"U","GT3","A",3,2,"services","other","course","other",1,1,0,"no","no","no","yes","yes","yes","no","no",5,5,3,1,1,5,0,17,18,18,17.9216027168023
"GP","M",19,"U","GT3","T",4,4,"teacher","services","reputation","other",2,1,1,"no","yes","yes","no","yes","yes","yes","yes",4,3,4,1,1,4,38,8,9,8,9.26045584616841
"GP","M",19,"R","GT3","T",3,3,"other","services","reputation","father",1,2,1,"no","no","no","yes","yes","yes","no","yes",4,5,3,1,2,5,0,15,12,12,11.5883919981873
"GP","F",19,"U","LE3","T",1,1,"at_home","other","reputation","other",1,2,1,"yes","yes","no","yes","no","yes","yes","no",4,4,3,1,3,3,18,12,10,10,9.90135271652749
"GP","F",19,"U","LE3","T",1,2,"services","services","home","other",1,2,1,"no","no","no","yes","no","yes","no","yes",4,2,4,2,2,3,0,9,9,0,7.70915883898062
"GP","F",19,"U","GT3","T",2,1,"at_home","other","other","other",3,2,0,"no","yes","no","no","yes","no","yes","yes",3,4,1,1,1,2,20,14,12,13,12.4586136558187
"GP","M",19,"U","GT3","T",1,2,"other","services","course","other",1,2,1,"no","no","no","no","no","yes","yes","no",4,5,2,2,2,4,3,13,11,11,10.4176055880166
"GP","F",19,"U","LE3","T",3,2,"services","other","reputation","other",2,2,1,"no","yes","yes","no","no","yes","yes","yes",4,2,2,1,2,1,22,13,10,11,10.2297760963694
"GP","F",19,"U","GT3","T",1,1,"at_home","health","home","other",1,3,2,"no","no","no","no","no","yes","yes","yes",4,1,2,1,1,3,14,15,13,13,12.7334692809724
"GP","F",19,"R","GT3","T",2,3,"other","other","reputation","other",1,3,1,"no","no","no","no","yes","yes","yes","yes",4,1,2,1,1,3,40,13,11,11,11.7582230195286
"GP","F",18,"U","GT3","T",2,1,"services","other","course","mother",2,2,0,"no","yes","yes","yes","yes","yes","yes","no",5,3,3,1,2,1,0,8,8,0,6.96129319027493
"GP","F",18,"U","GT3","T",4,3,"other","other","course","mother",1,3,0,"no","yes","yes","yes","yes","yes","yes","yes",4,3,4,1,1,5,9,9,10,9,9.250575604053
"GP","F",17,"R","GT3","T",3,4,"at_home","services","course","father",1,3,0,"no","yes","yes","yes","no","yes","yes","no",4,3,4,2,5,5,0,11,11,10,10.3363086047475
"GP","F",18,"U","GT3","T",4,4,"teacher","other","course","mother",1,2,0,"no","yes","yes","no","yes","yes","yes","no",4,4,4,3,3,5,2,11,11,11,10.4259489879253
"GP","F",17,"U","GT3","A",4,3,"services","services","course","mother",1,2,0,"no","yes","yes","no","yes","yes","yes","yes",5,2,2,1,2,5,23,13,13,13,13.69693620316
"GP","F",17,"U","GT3","T",2,2,"other","other","course","mother",1,2,0,"no","yes","no","no","yes","yes","no","yes",4,2,2,1,1,3,12,11,9,9,9.0684336583456
"GP","F",17,"R","LE3","T",2,2,"services","services","course","mother",1,3,0,"no","yes","yes","yes","yes","yes","yes","no",3,3,2,2,2,3,3,11,11,11,10.4585999143124
"GP","F",17,"U","GT3","T",3,1,"services","services","course","father",1,3,0,"no","yes","no","no","no","yes","yes","no",3,4,3,2,3,5,1,12,14,15,13.4294640316988
"GP","F",17,"U","LE3","T",0,2,"at_home","at_home","home","father",2,3,0,"no","no","no","no","yes","yes","yes","no",3,3,3,2,3,2,0,16,15,15,15.0125145824235
"GP","M",18,"U","GT3","T",4,4,"other","other","course","mother",1,3,0,"no","no","no","yes","yes","yes","yes","no",4,3,3,2,2,3,3,9,12,11,10.9306752227061
"GP","M",17,"U","GT3","T",3,3,"other","services","reputation","mother",1,1,0,"no","no","no","yes","no","yes","yes","no",4,3,5,3,5,5,3,14,15,16,15.1393533973872
"GP","M",17,"R","GT3","T",2,2,"services","other","course","mother",4,1,0,"no","yes","no","no","yes","yes","yes","no",4,4,5,5,5,4,8,11,10,10,10.0353617509387
"GP","F",17,"U","GT3","T",4,4,"teacher","services","course","mother",1,3,0,"no","yes","yes","yes","yes","yes","yes","no",5,4,4,1,3,4,7,10,9,9,8.53160445552726
"GP","F",17,"U","GT3","T",4,4,"teacher","teacher","course","mother",2,3,0,"no","yes","yes","no","no","yes","yes","yes",4,3,3,1,2,4,4,14,14,14,13.8824919421078
"GP","M",18,"U","LE3","T",2,2,"other","other","course","mother",1,4,0,"no","yes","no","yes","yes","yes","yes","no",4,5,5,2,4,5,2,9,8,8,6.87290492416396
"GP","F",17,"R","GT3","T",2,4,"at_home","other","course","father",1,3,0,"no","yes","no","no","yes","yes","yes","yes",4,4,3,1,1,5,7,12,14,14,13.6740466508285
"GP","F",18,"U","GT3","T",3,3,"services","services","home","mother",1,2,0,"no","no","no","yes","yes","yes","yes","no",5,3,4,1,1,4,0,7,0,0,-0.902804061278566
"GP","F",18,"U","LE3","T",2,2,"other","other","home","other",1,2,0,"no","no","no","yes","no","yes","yes","yes",4,3,3,1,1,2,0,8,8,0,6.96129319027493
"GP","F",18,"R","GT3","T",2,2,"at_home","other","course","mother",2,4,0,"no","no","no","yes","yes","yes","no","no",4,4,4,1,1,4,0,10,9,0,7.91908680376755
"GP","F",17,"U","GT3","T",3,4,"services","other","course","mother",1,3,0,"no","no","no","no","yes","yes","yes","no",4,4,5,1,3,5,16,16,15,15,15.6647349001029
"GP","F",19,"R","GT3","A",3,1,"services","at_home","home","other",1,3,1,"no","no","yes","no","yes","yes","no","no",5,4,3,1,2,5,12,14,13,13,12.7068880017947
"GP","F",17,"U","GT3","T",3,2,"other","other","home","mother",1,2,0,"no","yes","yes","no","yes","yes","yes","yes",4,3,2,2,3,2,0,7,8,0,6.9554540995064
"GP","F",18,"U","LE3","T",3,3,"services","services","home","mother",1,4,0,"no","yes","no","no","yes","yes","yes","no",5,3,3,1,1,1,7,16,15,17,14.9706897086332
"GP","F",17,"R","GT3","A",3,2,"other","other","home","mother",1,2,0,"no","yes","yes","no","yes","yes","yes","no",4,3,3,2,3,2,4,9,10,10,9.37392801755323
"GP","F",19,"U","GT3","T",2,1,"services","services","home","other",1,3,1,"no","no","yes","yes","yes","yes","yes","yes",4,3,4,1,3,3,4,11,12,11,10.9223318227974
"GP","M",18,"U","GT3","T",4,4,"teacher","services","home","father",1,2,1,"no","yes","no","yes","yes","yes","yes","no",4,3,3,2,2,2,0,10,10,0,8.99639746794765
"GP","M",18,"U","LE3","T",3,4,"services","other","home","mother",1,2,0,"no","no","no","yes","yes","yes","yes","yes",4,3,3,1,3,5,11,16,15,15,15.469028894296
"GP","F",17,"U","GT3","A",2,2,"at_home","at_home","home","father",1,2,1,"no","yes","no","no","yes","yes","yes","yes",3,3,1,1,2,4,0,9,8,0,7.06587613939625
"GP","F",18,"U","GT3","T",2,3,"at_home","other","course","mother",1,3,0,"no","yes","no","no","yes","yes","yes","no",4,3,3,1,2,3,4,11,10,10,9.37749335562235
"GP","F",18,"U","GT3","T",3,2,"other","services","other","mother",1,3,0,"no","no","no","no","yes","yes","yes","yes",5,4,3,2,3,1,7,13,13,14,12.7175446227056
"GP","M",18,"R","GT3","T",4,3,"teacher","services","course","mother",1,3,0,"no","no","no","no","yes","yes","yes","yes",5,3,2,1,2,4,9,16,15,16,15.2198593014646
"GP","M",18,"U","GT3","T",4,3,"teacher","other","course","mother",1,3,0,"no","yes","yes","no","yes","yes","yes","yes",5,4,5,2,3,5,0,10,10,9,9.04906997578045
"GP","F",17,"U","GT3","T",4,3,"health","other","reputation","mother",1,3,0,"no","yes","yes","yes","yes","yes","yes","yes",4,4,3,1,3,4,0,13,15,15,14.5164096811573
"MS","M",18,"R","GT3","T",3,2,"other","other","course","mother",2,1,1,"no","yes","no","no","no","yes","yes","no",2,5,5,5,5,5,10,11,13,13,12.6240688767151
"MS","M",19,"R","GT3","T",1,1,"other","services","home","other",3,2,3,"no","no","no","no","yes","yes","yes","no",5,4,4,3,3,2,8,8,7,8,5.50458933770678
"MS","M",17,"U","GT3","T",3,3,"health","other","course","mother",2,2,0,"no","yes","yes","no","yes","yes","yes","no",4,5,4,2,3,3,2,13,13,13,12.8408970362059
"MS","M",18,"U","LE3","T",1,3,"at_home","services","course","mother",1,1,1,"no","no","no","no","yes","no","yes","yes",4,3,3,2,3,3,7,8,7,8,6.23162595253541
"MS","M",19,"R","GT3","T",1,1,"other","other","home","other",3,1,1,"no","yes","no","no","yes","yes","yes","no",4,4,4,3,3,5,4,8,8,8,6.91214655220843
"MS","M",17,"R","GT3","T",4,3,"services","other","home","mother",2,2,0,"no","yes","yes","yes","no","yes","yes","yes",4,5,5,1,3,2,4,13,11,11,10.9977423381329
"MS","F",18,"U","GT3","T",3,3,"services","services","course","father",1,2,0,"no","yes","no","no","yes","yes","no","yes",5,3,4,1,1,5,0,10,9,9,8.2543709100105
"MS","F",17,"R","GT3","T",4,4,"teacher","services","other","father",2,2,0,"no","yes","yes","yes","yes","yes","yes","no",4,3,3,1,2,5,4,12,13,13,12.7570562754937
"MS","F",17,"U","LE3","A",3,2,"services","other","reputation","mother",2,2,0,"no","no","no","no","yes","yes","no","yes",1,2,3,1,2,5,2,12,12,11,11.7131876168924
"MS","M",18,"U","LE3","T",1,1,"other","services","home","father",2,1,0,"no","no","no","no","no","yes","yes","yes",3,3,2,1,2,3,4,10,10,10,9.54740916144324
"MS","F",18,"U","LE3","T",1,1,"at_home","services","course","father",2,3,0,"no","no","no","no","yes","yes","yes","no",5,3,2,1,1,4,0,18,16,16,16.1460630925056
"MS","F",18,"R","LE3","A",1,4,"at_home","other","course","mother",3,2,0,"no","no","no","no","yes","yes","no","yes",4,3,4,1,4,5,0,13,13,13,12.5998402868424
"MS","M",18,"R","LE3","T",1,1,"at_home","other","other","mother",2,2,1,"no","no","no","yes","no","no","no","no",4,4,3,2,3,5,2,13,12,12,11.4987121467066
"MS","F",18,"U","GT3","T",3,3,"services","services","other","mother",2,2,0,"no","yes","no","no","yes","yes","yes","yes",4,3,2,1,3,3,0,11,11,10,10.3444214482154
"MS","F",17,"U","LE3","T",4,4,"at_home","at_home","course","mother",1,2,0,"no","yes","yes","yes","yes","yes","yes","yes",2,3,4,1,1,1,0,16,15,15,15.180156635545
"MS","F",17,"R","GT3","T",1,2,"other","services","course","father",2,2,0,"no","no","no","no","no","yes","no","no",3,2,2,1,2,3,0,12,11,12,10.669318958291
"MS","M",18,"R","GT3","T",1,3,"at_home","other","course","mother",2,2,0,"no","yes","yes","no","yes","yes","no","no",3,3,4,2,4,3,4,10,10,10,9.37976710832176
"MS","M",18,"U","LE3","T",4,4,"teacher","services","other","mother",2,3,0,"no","no","yes","no","yes","yes","yes","yes",4,2,2,2,2,5,0,13,13,13,12.4321982337209
"MS","F",17,"R","GT3","T",1,1,"other","services","reputation","mother",3,1,1,"no","yes","yes","no","yes","yes","yes","yes",5,2,1,1,2,1,0,7,6,0,4.97809935389074
"MS","F",18,"U","GT3","T",2,3,"at_home","services","course","father",2,1,0,"no","yes","yes","no","yes","yes","yes","yes",5,2,3,1,2,4,0,11,10,10,9.54972238244548
"MS","F",18,"R","GT3","T",4,4,"other","teacher","other","father",3,2,0,"no","yes","yes","no","no","yes","yes","yes",3,2,2,4,2,5,10,14,12,11,12.2105051669226
"MS","F",19,"U","LE3","T",3,2,"services","services","home","other",2,2,2,"no","no","no","yes","yes","yes","no","yes",3,2,2,1,1,3,4,7,7,9,5.39648051881917
"MS","M",18,"R","LE3","T",1,2,"at_home","services","other","father",3,1,0,"no","yes","yes","yes","yes","no","yes","yes",4,3,3,2,3,3,3,14,12,12,12.0928008310594
"MS","F",17,"U","GT3","T",2,2,"other","at_home","home","mother",1,3,0,"no","no","no","yes","yes","yes","no","yes",3,4,3,1,1,3,8,13,11,11,10.9931553644313
"MS","F",17,"R","GT3","T",1,2,"other","other","course","mother",1,1,0,"no","no","no","yes","yes","yes","yes","no",3,5,5,1,3,1,14,6,5,5,4.64139727350093
"MS","F",18,"R","LE3","T",4,4,"other","other","reputation","mother",2,3,0,"no","no","no","no","yes","yes","yes","no",5,4,4,1,1,1,0,19,18,19,18.2361136307105
"MS","F",18,"R","GT3","T",1,1,"other","other","home","mother",4,3,0,"no","no","no","no","yes","yes","yes","no",4,3,2,1,2,4,2,8,8,10,6.87517867686337
"MS","F",20,"U","GT3","T",4,2,"health","other","course","other",2,3,2,"no","yes","yes","no","no","yes","yes","yes",5,4,3,1,1,3,4,15,14,15,13.1286434916607
"MS","F",18,"R","LE3","T",4,4,"teacher","services","course","mother",1,2,0,"no","no","yes","yes","yes","yes","yes","no",5,4,3,3,4,2,4,8,9,10,8.08668938858619
"MS","F",18,"U","GT3","T",3,3,"other","other","home","mother",1,2,0,"no","no","yes","no","yes","yes","yes","yes",4,1,3,1,2,1,0,15,15,15,14.8552591254694
"MS","F",17,"R","GT3","T",3,1,"at_home","other","reputation","mother",1,2,0,"no","yes","yes","yes","no","yes","yes","no",4,5,4,2,3,1,17,10,10,10,10.0692253260897
"MS","M",18,"U","GT3","T",4,4,"teacher","teacher","home","father",1,2,0,"no","no","yes","yes","no","yes","yes","no",3,2,4,1,4,2,4,15,14,14,14.0559730859978
"MS","M",18,"R","GT3","T",2,1,"other","other","other","mother",2,1,0,"no","no","no","yes","no","yes","yes","yes",4,4,3,1,3,5,5,7,6,7,5.24270355446627
"MS","M",17,"U","GT3","T",2,3,"other","services","home","father",2,2,0,"no","no","no","yes","yes","yes","yes","no",4,4,3,1,1,3,2,11,11,10,10.5854781975789
"MS","M",19,"R","GT3","T",1,1,"other","services","other","mother",2,1,1,"no","no","no","no","yes","yes","no","no",4,3,2,1,3,5,0,6,5,0,3.53133151527017
"MS","M",18,"R","GT3","T",4,2,"other","other","home","father",2,1,1,"no","no","yes","no","yes","yes","no","no",5,4,3,4,3,3,14,6,5,5,4.26155350289311
"MS","F",18,"R","GT3","T",2,2,"at_home","other","other","mother",2,3,0,"no","no","yes","no","yes","yes","no","no",5,3,3,1,3,4,2,10,9,10,8.16825639659894
"MS","F",18,"R","GT3","T",4,4,"teacher","at_home","reputation","mother",3,1,0,"no","yes","yes","yes","yes","yes","yes","yes",4,4,3,2,2,5,7,6,5,6,4.19652167486269
"MS","F",19,"R","GT3","T",2,3,"services","other","course","mother",1,3,1,"no","no","no","yes","no","yes","yes","no",5,4,2,1,2,5,0,7,5,0,3.36141570944928
"MS","F",18,"U","LE3","T",3,1,"teacher","services","course","mother",1,2,0,"no","yes","yes","no","yes","yes","yes","no",4,3,4,1,1,1,0,7,9,8,7.75826600874429
"MS","F",18,"U","GT3","T",1,1,"other","other","course","mother",2,2,1,"no","no","no","yes","yes","yes","no","no",1,1,1,1,1,5,0,6,5,0,3.52321867180223
"MS","M",20,"U","LE3","A",2,2,"services","services","course","other",1,2,2,"no","yes","yes","no","yes","yes","no","no",5,5,4,4,5,4,11,9,9,9,7.77771653677733
"MS","M",17,"U","LE3","T",3,1,"services","services","course","mother",2,1,0,"no","no","no","no","no","yes","yes","no",2,4,5,3,4,2,3,14,16,16,16.1016945162787
"MS","M",21,"R","GT3","T",1,1,"other","other","course","other",1,1,3,"no","no","no","no","no","yes","no","no",5,5,3,3,3,3,3,10,8,7,6.44243184198197
"MS","M",18,"R","LE3","T",3,2,"services","other","course","mother",3,1,0,"no","no","no","no","no","yes","yes","no",4,4,1,3,4,5,0,11,12,10,11.4744046202283
"MS","M",19,"U","LE3","T",1,1,"other","at_home","course","father",1,1,0,"no","no","no","no","yes","yes","yes","no",3,2,3,3,3,5,5,8,9,9,8.1355660019091
